/*mysqldump.php version 1.02 */
/* Table structure for table `albums` */
DROP TABLE IF EXISTS `albums`;

CREATE TABLE `albums` (
  `id` int(11) NOT NULL AUTO_INCREMENT,
  `project_id` int(11) NOT NULL,
  `user_id` int(11) NOT NULL,
  `name` varchar(255) NOT NULL,
  `url` varchar(255) NOT NULL,
  `created` datetime NOT NULL,
  `updated` datetime NOT NULL,
  PRIMARY KEY (`id`),
  KEY `project_id` (`project_id`),
  KEY `user_id` (`user_id`)
) ENGINE=MyISAM AUTO_INCREMENT=57 DEFAULT CHARSET=latin1;

/* dumping data for table `albums` */
insert into `albums` values
(2,1,1,'work','','2010-12-03 18:18:48','0000-00-00 00:00:00'),
(31,1,1,'photosMore','','2010-12-20 20:39:44','0000-00-00 00:00:00'),
(28,1,1,'project','','2010-12-20 18:06:32','0000-00-00 00:00:00'),
(11,1,1,'learn','','2010-12-03 19:36:35','0000-00-00 00:00:00'),
(14,1,1,'people','','2010-12-04 14:40:41','0000-00-00 00:00:00'),
(16,1,1,'photo sample','','2010-12-19 16:54:50','0000-00-00 00:00:00'),
(47,1,1,'This is some art that I took ','words','2010-12-25 06:44:12','2011-02-13 16:56:10'),
(40,1,1,'fmm','','2010-12-23 15:22:05','0000-00-00 00:00:00'),
(46,1,1,'Friendsasdasdf','','2010-12-24 21:20:41','2011-02-10 04:00:08'),
(41,1,1,'newest','','2010-12-23 20:10:51','0000-00-00 00:00:00'),
(50,0,1,'My Close Friend Raymond','wise','2011-02-07 01:01:39','2011-02-16 01:40:18'),
(54,0,1,'another test','adsfadsf','2011-02-09 19:07:05','2011-02-15 16:53:25'),
(56,0,1,'One More Time','','2011-03-02 00:05:02','0000-00-00 00:00:00');

/* Table structure for table `ci_sessions` */
DROP TABLE IF EXISTS `ci_sessions`;

CREATE TABLE `ci_sessions` (
  `session_id` varchar(40) NOT NULL DEFAULT '0',
  `ip_address` varchar(16) NOT NULL DEFAULT '0',
  `user_agent` varchar(50) NOT NULL,
  `last_activity` int(10) unsigned NOT NULL DEFAULT '0',
  `user_data` text NOT NULL,
  PRIMARY KEY (`session_id`)
) ENGINE=MyISAM DEFAULT CHARSET=latin1;

/* dumping data for table `ci_sessions` */
insert into `ci_sessions` values
('c4a757669f8178951fbbc97ec49ed98a','127.0.0.1','Mozilla/5.0 (Windows; U; Windows NT 5.1; en-US) Ap',1299428693,''),
('10a97d76ae4cfe9ccc77f1cedb56ca63','127.0.0.1','Mozilla/5.0 (Windows; U; Windows NT 5.1; en-US) Ap',1299429769,'a:3:{s:8:\"username\";s:9:\"jamesming\";s:7:\"user_id\";s:1:\"1\";s:9:\"logged_in\";s:1:\"1\";}'),
('ca7ba8255ac86617b7722630141b0dcb','127.0.0.1','Mozilla/5.0 (Windows; U; Windows NT 5.1; en-US) Ap',1299428693,''),
('8bc70554ab055f11f43ac760c0ae51a0','127.0.0.1','Mozilla/5.0 (Windows; U; Windows NT 5.1; en-US) Ap',1299422788,''),
('a17c49930e9881dc9ff340e146ef5321','127.0.0.1','Mozilla/5.0 (Windows; U; Windows NT 5.1; en-US) Ap',1299422788,''),
('7d97f6014d76a69d7675f9d4e8f01b2c','127.0.0.1','Mozilla/5.0 (Windows; U; Windows NT 5.1; en-US) Ap',1299428543,'a:3:{s:8:\"username\";s:9:\"jamesming\";s:7:\"user_id\";s:1:\"1\";s:9:\"logged_in\";s:1:\"1\";}');

/* Table structure for table `content` */
DROP TABLE IF EXISTS `content`;

CREATE TABLE `content` (
  `id` int(10) unsigned NOT NULL AUTO_INCREMENT,
  `user_id` int(10) unsigned DEFAULT NULL,
  `created` datetime DEFAULT NULL,
  `updated` datetime DEFAULT NULL,
  `bio` blob,
  `title` blob,
  `full_name` blob,
  `resume_div` blob,
  `contact_div` blob,
  `reel_div` blob,
  PRIMARY KEY (`id`),
  KEY `user_id` (`user_id`)
) ENGINE=MyISAM AUTO_INCREMENT=4 DEFAULT CHARSET=utf8;

/* dumping data for table `content` */
insert into `content` values
(3,1,'2011-03-03 13:57:49','2011-03-06 16:26:23','<font class=\"Apple-style-span\" size=\"3\">Lorem ipsum dolor sit amet, consectetur adipisicing elit, sed do eiusmod tempor incididunt ut labore et dolore magna aliqua. Ut enim ad minim veniam, quis nostrud exercitation ullamco laboris nisi ut aliquip ex ea commodo consequat. Duis aute irure dolor in reprehenderit in voluptate velit esse cillum dolore eu fugiat nulla pariatur. Excepteur sint occaecat cupidatat non proident, sunt in culpa qui officia deserunt mollit anim id est laborum.\n</font>\n<div><font class=\"Apple-style-span\" size=\"3\"><br /></font></div>\n<div><font class=\"Apple-style-span\" size=\"3\">Sed ut perspiciatis unde omnis iste natus error sit voluptatem accusantium doloremque laudantium, totam rem aperiam, eaque ipsa quae ab illo inventore veritatis et quasi architecto beatae vitae dicta sunt explicabo. Nemo enim ipsam voluptatem quia voluptas sit aspernatur aut odit aut fugit, sed quia consequuntur magni dolores eos qui ratione voluptatem sequi nesciunt. Neque porro quisquam est, qui dolorem ipsum quia dolor sit amet, consectetur, adipisci velit, sed quia non numquam eius modi tempora incidunt ut labore et dolore magnam aliquam quaerat voluptatem. Ut enim ad minima veniam, quis nostrum exercitationem ullam corporis suscipit laboriosam, nisi ut aliquid ex ea commodi consequatur? Quis autem vel eum iure reprehenderit qui in ea voluptate velit esse quam nihil molestiae consequatur, vel illum qui dolorem eum fugiat quo voluptas nulla pariatur?</font></div>','<div style=\"text-align: right;\"><font class=\"Apple-style-span\" color=\"#FFC0CB\" face=\"monospace\" size=\"4\"><b>Web Developer /&nbsp;Back-end&nbsp;and &nbsp;Front end</b></font></div>\n<div style=\"text-align: right;\"><font class=\"Apple-style-span\" color=\"#FFC0CB\" face=\"monospace\" size=\"4\"><b><br /></b></font></div>\n			\n					\n			','<div style=\"text-align: right;\"><font class=\"Apple-style-span\" size=\"7\" color=\"#FFFF00\" face=\"tahoma\"><b><b>James Ming</b></b></font></div>\n			','<blockquote class=\"webkit-indent-blockquote\" style=\"margin: 0 0 0 40px; border: none; padding: 0px;\">\n</blockquote>\n<div>\n<div>\n<div>\n<div>\n<div>JOHN DOE SOMEBODY</div>\n<div>123 Anywhere Street, City, State</div>\n<div>(555) 000-0000</div>\n<div>janesomebody@emailprovider.com</div>\n<div><br /></div>\n<div>OBJECTIVE</div>\n<div><br /></div>\n<div>To obtain a position as an administrative assistant.</div>\n<div><br /></div>\n<div>SUMMARY OF SKILLS</div>\n<div>Include your most marketable skills and accomplishments here.</div>\n<div>Ensure the skills you list are relevant to the type of job you are seeking.</div>\n<div>Be as specific as possible.</div>\n<div>&nbsp;Ensure that this section is full of the keywords employers will likely use when sorting resumes.</div>\n<div>If keywords are commonly stated more than on way, you must use both forms of the word (for example, Master of Business Administration and MBA)</div>\n<div><br /></div>\n<div>WORK EXPERIENCE</div>\n<div>Administrative Assistant, ABC Company, City, State, 2006 to present</div>\n<div>- Use a combination of verbs and nouns to describe job duties and accomplishments that are most relevant to the work you are currently seeking.</div>\n<div>- Don\'t forget to include a variety of targeted keywords</div>\n<div>- List jobs in reverse chronological order; your most recent job goes first.</div>\n<div>Administrative Assistant, XYZ Company, City, State, 2000 to 2006</div>\n<div>- Continue to use verbs and nouns to describe job duties and accomplishments that are most relevant to the work you are currently seeking and target important keywords.</div>\n<div>Customer Service</div>\n<div>&nbsp;Representative, Another Company, City, State, 1998 to 2000</div>\n<div>- Continue to use verbs and nouns to describe job duties and include important keywords.</div>\n<div>- Normally you should only include your most recent ten years of work experience on your resume. There are exceptions, but typically employers are most interested in your most recent experience, and going back more than ten years on your resume can age you.</div>\n<div>EDUCATION</div>\n<div><br /></div>\n<div>Administrative Assistant Certificate, Any College, City, State</div>\n<div>VOLUNTEER EXPERIENCE</div>\n<div><br /></div>\n<div>- Only include this section if it adds information that is relevant to the job you are seeking.</div>\n<div>- You may also include hobbies here, but only if they are positive and relevant to the job you are seeking.</div>\n<div>REFERENCES</div>\n<div><br /></div>\n<div>available upon request</div>\n<div>When you\'re writing plain text resumes, it\'s important to follow a few formatting guidelines and to fill your text resume with targeted keywords. You\'ll find more details about text resume format here, and you can find information on how employers use this type of resume and how to include keywords in your plain text resume here.</div></div></div></div></div>','<span style=\"COLOR: rgb(51,51,51); -webkit-border-horizontal-spacing: 2px; -webkit-border-vertical-spacing: 2px\" class=\"Apple-style-span\"><font class=\"Apple-style-span\" size=\"3\" face=\"arial\">Dr. James Daniel M. German<br />Department of Computer Science<br />University of Victoria<br />Engineering/Computer Science Building (ECS), Room 504<br />PO Box 3055, STN CSC<br />Victoria, BC<br />Canada V8W 3P6<br /><br /><b>Courier Address</b><br /><br />Dr. Daniel M. German<br />Department of Computer Science<br />Engineering/Computer Science Building (ECS), Room 504&nbsp;<br />University of Victoria<br />3800 Finnerty Road<br />Victoria, BC<br />Canada V8P 5C2</font></span>','<font class=\"Apple-style-span\" size=\"5\" face=\"tahoma\">The following are video clips of my favorite show, GLEE. &nbsp;They are mostly songs.</font>');

/* Table structure for table `default_content` */
DROP TABLE IF EXISTS `default_content`;

CREATE TABLE `default_content` (
  `id` int(10) unsigned NOT NULL AUTO_INCREMENT,
  `created` datetime DEFAULT NULL,
  `updated` datetime DEFAULT NULL,
  `bio` blob,
  `full_name` blob,
  `title` blob,
  `resume_div` blob,
  `contact_div` blob,
  `reel_div` blob,
  PRIMARY KEY (`id`)
) ENGINE=MyISAM AUTO_INCREMENT=2 DEFAULT CHARSET=utf8;

/* dumping data for table `default_content` */
insert into `default_content` values
(1,'2011-03-04 06:51:42','2011-03-06 16:26:23','<font class=\"Apple-style-span\" size=\"3\">Lorem ipsum dolor sit amet, consectetur adipisicing elit, sed do eiusmod tempor incididunt ut labore et dolore magna aliqua. Ut enim ad minim veniam, quis nostrud exercitation ullamco laboris nisi ut aliquip ex ea commodo consequat. Duis aute irure dolor in reprehenderit in voluptate velit esse cillum dolore eu fugiat nulla pariatur. Excepteur sint occaecat cupidatat non proident, sunt in culpa qui officia deserunt mollit anim id est laborum.\n</font>\n<div><font class=\"Apple-style-span\" size=\"3\"><br /></font></div>\n<div><font class=\"Apple-style-span\" size=\"3\">Sed ut perspiciatis unde omnis iste natus error sit voluptatem accusantium doloremque laudantium, totam rem aperiam, eaque ipsa quae ab illo inventore veritatis et quasi architecto beatae vitae dicta sunt explicabo. Nemo enim ipsam voluptatem quia voluptas sit aspernatur aut odit aut fugit, sed quia consequuntur magni dolores eos qui ratione voluptatem sequi nesciunt. Neque porro quisquam est, qui dolorem ipsum quia dolor sit amet, consectetur, adipisci velit, sed quia non numquam eius modi tempora incidunt ut labore et dolore magnam aliquam quaerat voluptatem. Ut enim ad minima veniam, quis nostrum exercitationem ullam corporis suscipit laboriosam, nisi ut aliquid ex ea commodi consequatur? Quis autem vel eum iure reprehenderit qui in ea voluptate velit esse quam nihil molestiae consequatur, vel illum qui dolorem eum fugiat quo voluptas nulla pariatur?</font></div>','<div style=\"text-align: right;\"><font class=\"Apple-style-span\" size=\"7\" color=\"#FFFF00\" face=\"tahoma\"><b><b>James Ming</b></b></font></div>\n			','<div style=\"text-align: right;\"><font class=\"Apple-style-span\" color=\"#FFC0CB\" face=\"monospace\" size=\"4\"><b>Web Developer /&nbsp;Back-end&nbsp;and &nbsp;Front end</b></font></div>\n<div style=\"text-align: right;\"><font class=\"Apple-style-span\" color=\"#FFC0CB\" face=\"monospace\" size=\"4\"><b><br /></b></font></div>\n			\n					\n			','<blockquote class=\"webkit-indent-blockquote\" style=\"margin: 0 0 0 40px; border: none; padding: 0px;\">\n</blockquote>\n<div>\n<div>\n<div>\n<div>\n<div>JOHN DOE SOMEBODY</div>\n<div>123 Anywhere Street, City, State</div>\n<div>(555) 000-0000</div>\n<div>janesomebody@emailprovider.com</div>\n<div><br /></div>\n<div>OBJECTIVE</div>\n<div><br /></div>\n<div>To obtain a position as an administrative assistant.</div>\n<div><br /></div>\n<div>SUMMARY OF SKILLS</div>\n<div>Include your most marketable skills and accomplishments here.</div>\n<div>Ensure the skills you list are relevant to the type of job you are seeking.</div>\n<div>Be as specific as possible.</div>\n<div>&nbsp;Ensure that this section is full of the keywords employers will likely use when sorting resumes.</div>\n<div>If keywords are commonly stated more than on way, you must use both forms of the word (for example, Master of Business Administration and MBA)</div>\n<div><br /></div>\n<div>WORK EXPERIENCE</div>\n<div>Administrative Assistant, ABC Company, City, State, 2006 to present</div>\n<div>- Use a combination of verbs and nouns to describe job duties and accomplishments that are most relevant to the work you are currently seeking.</div>\n<div>- Don\'t forget to include a variety of targeted keywords</div>\n<div>- List jobs in reverse chronological order; your most recent job goes first.</div>\n<div>Administrative Assistant, XYZ Company, City, State, 2000 to 2006</div>\n<div>- Continue to use verbs and nouns to describe job duties and accomplishments that are most relevant to the work you are currently seeking and target important keywords.</div>\n<div>Customer Service</div>\n<div>&nbsp;Representative, Another Company, City, State, 1998 to 2000</div>\n<div>- Continue to use verbs and nouns to describe job duties and include important keywords.</div>\n<div>- Normally you should only include your most recent ten years of work experience on your resume. There are exceptions, but typically employers are most interested in your most recent experience, and going back more than ten years on your resume can age you.</div>\n<div>EDUCATION</div>\n<div><br /></div>\n<div>Administrative Assistant Certificate, Any College, City, State</div>\n<div>VOLUNTEER EXPERIENCE</div>\n<div><br /></div>\n<div>- Only include this section if it adds information that is relevant to the job you are seeking.</div>\n<div>- You may also include hobbies here, but only if they are positive and relevant to the job you are seeking.</div>\n<div>REFERENCES</div>\n<div><br /></div>\n<div>available upon request</div>\n<div>When you\'re writing plain text resumes, it\'s important to follow a few formatting guidelines and to fill your text resume with targeted keywords. You\'ll find more details about text resume format here, and you can find information on how employers use this type of resume and how to include keywords in your plain text resume here.</div></div></div></div></div>','<span style=\"COLOR: rgb(51,51,51); -webkit-border-horizontal-spacing: 2px; -webkit-border-vertical-spacing: 2px\" class=\"Apple-style-span\"><font class=\"Apple-style-span\" size=\"3\" face=\"arial\">Dr. James Daniel M. German<br />Department of Computer Science<br />University of Victoria<br />Engineering/Computer Science Building (ECS), Room 504<br />PO Box 3055, STN CSC<br />Victoria, BC<br />Canada V8W 3P6<br /><br /><b>Courier Address</b><br /><br />Dr. Daniel M. German<br />Department of Computer Science<br />Engineering/Computer Science Building (ECS), Room 504&nbsp;<br />University of Victoria<br />3800 Finnerty Road<br />Victoria, BC<br />Canada V8P 5C2</font></span>','<font class=\"Apple-style-span\" size=\"5\" face=\"tahoma\">The following are video clips of my favorite show, GLEE. &nbsp;They are mostly songs.</font>');

/* Table structure for table `files` */
DROP TABLE IF EXISTS `files`;

CREATE TABLE `files` (
  `id` int(11) NOT NULL AUTO_INCREMENT,
  `name` tinyblob NOT NULL,
  `caption` blob NOT NULL,
  `project_id` int(11) NOT NULL,
  `toobig` int(11) NOT NULL,
  `hires` int(11) NOT NULL,
  `order` int(11) NOT NULL,
  `created` datetime NOT NULL,
  `updated` datetime NOT NULL,
  `album_id` int(11) NOT NULL,
  `original_filename` varchar(255) NOT NULL,
  PRIMARY KEY (`id`),
  KEY `project_id` (`project_id`)
) ENGINE=MyISAM AUTO_INCREMENT=1443 DEFAULT CHARSET=latin1;

/* dumping data for table `files` */
insert into `files` values
(150,'','',14,0,0,27,'2010-12-10 00:04:40','2011-02-13 15:49:56',14,''),
(60,'','Group of children',14,0,0,36,'2010-12-07 18:37:19','2011-02-13 15:49:56',14,''),
(51,'','My first logo idea',14,0,0,38,'2010-12-07 17:38:39','2011-02-13 15:49:56',14,''),
(151,'','monkey',14,0,0,21,'2010-12-10 00:06:47','2011-02-13 15:49:56',14,''),
(158,'','',14,0,0,11,'2010-12-10 20:41:27','2011-02-13 15:49:56',14,''),
(49,'','',14,0,0,39,'2010-12-07 17:01:03','2011-02-13 15:49:56',14,''),
(159,'','',14,1,0,20,'2010-12-10 20:42:09','2011-02-13 15:49:56',14,''),
(70,'','A nice frame.',14,1,0,32,'2010-12-08 05:45:53','2011-02-13 15:49:56',14,''),
(157,'','',14,1,0,19,'2010-12-10 20:40:32','2011-02-13 15:49:56',14,''),
(63,'','A stand for lemonade',14,0,0,37,'2010-12-07 20:41:35','2011-02-13 15:49:56',14,''),
(65,'','',14,1,0,35,'2010-12-07 21:02:46','2011-02-13 15:49:56',14,''),
(66,'','jungle scene',14,1,0,34,'2010-12-07 21:03:02','2011-02-13 15:49:56',14,''),
(67,'','tree',14,1,0,33,'2010-12-08 01:05:30','2011-02-13 15:49:56',14,''),
(106,'','',14,1,0,28,'2010-12-08 18:51:10','2011-02-13 15:49:56',14,''),
(141,'','',14,1,0,31,'2010-12-09 23:51:56','2011-02-13 15:49:56',14,''),
(142,'','',14,1,0,8,'2010-12-10 00:00:16','2011-02-13 15:49:56',14,''),
(144,'','Florian',14,1,0,1,'2010-12-10 00:01:03','2011-02-13 15:49:56',14,''),
(145,'','Florian and my son',14,1,0,2,'2010-12-10 00:01:17','2011-02-13 15:49:56',14,''),
(146,'','',14,1,0,30,'2010-12-10 00:01:45','2011-02-13 15:49:56',14,''),
(147,'','',14,1,0,29,'2010-12-10 00:02:18','2011-02-13 15:49:56',14,''),
(148,'','My son at the art gallery in Brooklyn.',14,1,0,24,'2010-12-10 00:02:31','2011-02-13 15:49:56',14,''),
(149,'','',14,1,0,23,'2010-12-10 00:03:17','2011-02-13 15:49:56',14,''),
(155,'','',14,0,0,25,'2010-12-10 02:00:49','2011-02-13 15:49:56',14,''),
(154,'','fmm',14,0,0,26,'2010-12-10 00:23:58','2011-02-13 15:49:56',14,''),
(182,'','',14,1,0,7,'2010-12-11 02:31:17','2011-02-13 15:49:56',14,''),
(166,'','',14,1,0,18,'2010-12-10 21:09:39','2011-02-13 15:49:56',14,''),
(167,'','',14,0,0,22,'2010-12-10 21:15:31','2011-02-13 15:49:56',14,''),
(169,'','',14,1,0,12,'2010-12-10 21:16:35','2011-02-13 15:49:56',14,''),
(170,'','',14,1,0,17,'2010-12-10 21:18:33','2011-02-13 15:49:56',14,''),
(173,'','',14,1,0,0,'2010-12-10 21:19:47','2011-02-13 15:49:56',14,''),
(174,'','picasso',14,1,0,3,'2010-12-10 21:21:14','2011-02-13 15:49:56',14,''),
(175,'','some art work',14,1,0,16,'2010-12-10 21:21:28','2011-02-13 15:49:56',14,''),
(176,'','',14,1,0,10,'2010-12-10 21:21:39','2011-02-13 15:49:56',14,''),
(177,'','',14,1,0,15,'2010-12-10 21:21:54','2011-02-13 15:49:56',14,''),
(178,'','',14,1,0,9,'2010-12-10 21:22:14','2011-02-13 15:49:56',14,''),
(181,'','',14,1,0,14,'2010-12-11 02:24:31','2011-02-13 15:49:56',14,''),
(184,'','',14,1,0,6,'2010-12-11 02:31:43','2011-02-13 15:49:56',14,''),
(185,'','',14,1,0,5,'2010-12-11 17:31:44','2011-02-13 15:49:56',14,''),
(186,'','',14,1,0,4,'2010-12-12 04:54:19','2011-02-13 15:49:56',14,''),
(1036,'','',47,1,1,29,'2010-12-25 06:50:19','2011-02-28 18:19:58',47,''),
(1035,'','',47,1,1,28,'2010-12-25 06:50:15','2011-02-28 18:19:58',47,''),
(196,'','',14,1,0,13,'2010-12-13 06:06:16','2011-02-13 15:49:56',14,''),
(197,'','',11,1,0,11,'2010-12-13 06:06:27','2011-03-03 03:15:55',11,''),
(198,'','',11,0,0,14,'2010-12-13 06:06:30','2011-03-03 03:15:55',11,''),
(199,'','',11,1,0,12,'2010-12-13 06:06:34','2011-03-03 03:15:55',11,''),
(200,'','',11,0,0,13,'2010-12-13 06:06:42','2011-03-03 03:15:55',11,''),
(1044,'','',47,1,1,21,'2010-12-25 06:50:53','2011-02-28 18:19:58',47,''),
(592,'','',31,1,0,10,'2010-12-20 20:48:14','2010-12-20 20:49:45',31,''),
(1041,'','',47,1,1,23,'2010-12-25 06:50:40','2011-02-28 18:19:58',47,''),
(1047,'','',47,1,1,17,'2010-12-25 06:51:06','2011-02-28 18:19:58',47,''),
(1046,'','',47,1,1,18,'2010-12-25 06:51:01','2011-02-28 18:19:58',47,''),
(540,'','',28,0,0,8,'2010-12-20 18:06:45','2011-03-01 22:30:25',28,''),
(1045,'','',47,1,1,19,'2010-12-25 06:50:57','2011-02-28 18:19:58',47,''),
(1004,'','Grand Canyon',46,1,1,19,'2010-12-25 03:10:59','2011-03-02 00:23:02',46,''),
(1002,'','Joseph and Raymond',46,1,1,4,'2010-12-24 21:41:56','2011-03-02 00:23:02',46,''),
(1043,'','',47,1,1,20,'2010-12-25 06:50:49','2011-02-28 18:19:58',47,''),
(600,'','',31,1,0,13,'2010-12-20 20:48:29','2010-12-20 20:49:45',31,''),
(1040,'','',47,1,1,24,'2010-12-25 06:50:36','2011-02-28 18:19:58',47,''),
(1039,'','',47,1,1,25,'2010-12-25 06:50:32','2011-02-28 18:19:58',47,''),
(595,'','',31,1,0,14,'2010-12-20 20:48:23','2010-12-20 20:49:45',31,''),
(599,'','',31,0,0,0,'2010-12-20 20:48:28','2010-12-20 20:49:45',31,''),
(1048,'','',47,1,1,16,'2010-12-25 06:51:10','2011-02-28 18:19:58',47,''),
(1049,'','',47,1,1,15,'2010-12-25 06:51:14','2011-02-28 18:19:58',47,''),
(280,'','shades of blue',16,1,0,4,'2010-12-19 16:55:15','2011-02-13 15:52:51',16,''),
(281,'','sky',16,1,0,6,'2010-12-19 16:55:17','2011-02-13 15:52:51',16,''),
(282,'','green violet',16,1,0,5,'2010-12-19 16:55:18','2011-02-13 15:52:51',16,''),
(283,'','blue',16,1,0,3,'2010-12-19 16:55:20','2011-02-13 15:52:51',16,''),
(1038,'','',47,1,1,26,'2010-12-25 06:50:28','2011-02-28 18:19:58',47,''),
(1064,'','',47,1,1,9,'2010-12-25 06:52:18','2011-02-28 18:19:58',47,''),
(313,'','',2,1,0,4,'2010-12-19 19:16:55','2011-03-02 00:15:46',2,''),
(314,'','',2,1,0,7,'2010-12-19 19:16:56','2011-03-02 00:15:46',2,''),
(301,'','',16,1,0,0,'2010-12-19 17:20:37','2011-02-13 15:52:51',16,''),
(302,'','',16,1,0,1,'2010-12-19 17:20:40','2011-02-13 15:52:51',16,''),
(315,'','',2,1,0,2,'2010-12-19 19:16:58','2011-03-02 00:15:46',2,''),
(312,'','',2,1,0,3,'2010-12-19 19:16:54','2011-03-02 00:15:46',2,''),
(300,'','',16,1,0,2,'2010-12-19 17:20:27','2011-02-13 15:52:51',16,''),
(1068,'','',46,1,1,17,'2010-12-27 15:02:15','2011-03-02 00:23:02',46,''),
(1065,'','',46,1,1,2,'2010-12-26 21:04:21','2011-03-02 00:23:02',46,''),
(1066,'','',46,1,0,13,'2010-12-26 21:04:24','2011-03-02 00:23:02',46,''),
(1067,'','',46,1,0,12,'2010-12-26 21:04:26','2011-03-02 00:23:02',46,''),
(1063,'','',47,1,1,5,'2010-12-25 06:52:14','2011-02-28 18:19:58',47,''),
(1062,'','',47,1,1,1,'2010-12-25 06:52:10','2011-02-28 18:19:58',47,''),
(1061,'','',47,1,1,0,'2010-12-25 06:52:05','2011-02-28 18:19:58',47,''),
(1060,'','',47,1,1,6,'2010-12-25 06:52:01','2011-02-28 18:19:58',47,''),
(1059,'','',47,1,1,3,'2010-12-25 06:51:57','2011-02-28 18:19:58',47,''),
(1058,'','',47,1,1,12,'2010-12-25 06:51:52','2011-02-28 18:19:58',47,''),
(1057,'','',47,1,1,7,'2010-12-25 06:51:48','2011-02-28 18:19:58',47,''),
(1056,'','',47,1,1,4,'2010-12-25 06:51:44','2011-02-28 18:19:58',47,''),
(1055,'','',47,1,1,8,'2010-12-25 06:51:40','2011-02-28 18:19:58',47,''),
(1054,'','',47,1,1,2,'2010-12-25 06:51:35','2011-02-28 18:19:58',47,''),
(1053,'','',47,1,1,10,'2010-12-25 06:51:31','2011-02-28 18:19:58',47,''),
(1052,'','',47,1,1,11,'2010-12-25 06:51:27','2011-02-28 18:19:58',47,''),
(1051,'','',47,1,1,13,'2010-12-25 06:51:23','2011-02-28 18:19:58',47,''),
(1050,'','',47,1,1,14,'2010-12-25 06:51:18','2011-02-28 18:19:58',47,''),
(552,'','',2,0,0,5,'2010-12-20 19:50:37','2011-03-02 00:15:46',2,''),
(551,'','',2,1,0,8,'2010-12-20 19:50:35','2011-03-02 00:15:46',2,''),
(550,'','kids',2,1,0,6,'2010-12-20 19:50:34','2011-03-02 00:15:46',2,''),
(549,'','',2,1,0,9,'2010-12-20 19:50:33','2011-03-02 00:15:46',2,''),
(548,'','',28,1,0,2,'2010-12-20 18:06:49','2011-03-01 22:30:25',28,''),
(547,'','',28,1,0,1,'2010-12-20 18:06:48','2011-03-01 22:30:25',28,''),
(546,'','',28,1,0,0,'2010-12-20 18:06:48','2011-03-01 22:30:25',28,''),
(545,'','',28,0,0,3,'2010-12-20 18:06:47','2011-03-01 22:30:25',28,''),
(544,'','',28,0,0,4,'2010-12-20 18:06:47','2011-03-01 22:30:25',28,''),
(543,'','',28,0,0,5,'2010-12-20 18:06:46','2011-03-01 22:30:25',28,''),
(542,'','',28,0,0,6,'2010-12-20 18:06:46','2011-03-01 22:30:25',28,''),
(541,'','',28,0,0,7,'2010-12-20 18:06:46','2011-03-01 22:30:25',28,''),
(1042,'','',47,1,1,22,'2010-12-25 06:50:45','2011-02-28 18:19:58',47,''),
(597,'','',31,0,0,4,'2010-12-20 20:48:27','2010-12-20 20:49:45',31,''),
(598,'','',31,1,0,5,'2010-12-20 20:48:28','2010-12-20 20:49:45',31,''),
(593,'','',31,1,0,16,'2010-12-20 20:48:17','2010-12-20 20:49:45',31,''),
(601,'','',31,1,0,8,'2010-12-20 20:48:32','2010-12-20 20:49:45',31,''),
(596,'','',31,1,0,6,'2010-12-20 20:48:26','2010-12-20 20:49:45',31,''),
(594,'','',31,1,0,15,'2010-12-20 20:48:20','2010-12-20 20:49:45',31,''),
(602,'','',31,1,0,9,'2010-12-20 20:48:33','2010-12-20 20:49:45',31,''),
(603,'','',31,1,0,12,'2010-12-20 20:48:33','2010-12-20 20:49:45',31,''),
(604,'','',31,0,0,11,'2010-12-20 20:48:36','2010-12-20 20:49:45',31,''),
(605,'','',31,1,0,7,'2010-12-20 20:48:37','2010-12-20 20:49:45',31,''),
(606,'','',31,1,0,2,'2010-12-20 20:48:40','2010-12-20 20:49:45',31,''),
(607,'','',31,1,0,3,'2010-12-20 20:48:40','2010-12-20 20:49:45',31,''),
(608,'','',31,1,0,1,'2010-12-20 20:48:42','2010-12-20 20:49:45',31,''),
(1034,'','',47,1,1,30,'2010-12-25 06:50:11','2011-02-28 18:19:58',47,''),
(1033,'','',47,1,1,31,'2010-12-25 06:50:07','2011-02-28 18:19:58',47,''),
(1032,'','',47,1,1,32,'2010-12-25 06:50:03','2011-02-28 18:19:58',47,''),
(1031,'','',47,1,1,33,'2010-12-25 06:49:58','2011-02-28 18:19:58',47,''),
(1030,'','',47,1,1,34,'2010-12-25 06:49:54','2011-02-28 18:19:58',47,''),
(1029,'','',47,1,1,35,'2010-12-25 06:49:50','2011-02-28 18:19:58',47,''),
(1028,'','',47,1,1,37,'2010-12-25 06:49:46','2011-02-28 18:19:58',47,''),
(1027,'','',47,1,1,36,'2010-12-25 06:49:42','2011-02-28 18:19:58',47,''),
(1026,'','',47,1,1,38,'2010-12-25 06:49:38','2011-02-28 18:19:58',47,''),
(1025,'','',47,1,1,39,'2010-12-25 06:49:34','2011-02-28 18:19:58',47,''),
(1024,'','',47,1,1,41,'2010-12-25 06:49:29','2011-02-28 18:19:58',47,''),
(1023,'','',47,1,1,42,'2010-12-25 06:49:25','2011-02-28 18:19:58',47,''),
(1022,'','',47,1,1,43,'2010-12-25 06:49:21','2011-02-28 18:19:58',47,''),
(1021,'','',47,1,1,44,'2010-12-25 06:49:17','2011-02-28 18:19:58',47,''),
(1020,'','',47,1,1,45,'2010-12-25 06:49:13','2011-02-28 18:19:58',47,''),
(1019,'','',47,1,1,46,'2010-12-25 06:49:08','2011-02-28 18:19:58',47,''),
(1018,'','',47,1,1,47,'2010-12-25 06:49:04','2011-02-28 18:19:58',47,''),
(1017,'','',47,1,1,48,'2010-12-25 06:49:00','2011-02-28 18:19:58',47,''),
(1009,'','',47,1,1,54,'2010-12-25 06:48:26','2011-02-28 18:19:58',47,''),
(1010,'','',47,1,1,53,'2010-12-25 06:48:31','2011-02-28 18:19:58',47,''),
(1011,'','',47,1,1,52,'2010-12-25 06:48:35','2011-02-28 18:19:58',47,''),
(1012,'','',47,1,1,40,'2010-12-25 06:48:39','2011-02-28 18:19:58',47,''),
(1014,'','',47,1,1,51,'2010-12-25 06:48:47','2011-02-28 18:19:58',47,''),
(1015,'','',47,1,1,50,'2010-12-25 06:48:52','2011-02-28 18:19:58',47,''),
(1016,'','',47,1,1,49,'2010-12-25 06:48:56','2011-02-28 18:19:58',47,''),
(1005,'','',47,1,1,57,'2010-12-25 06:48:18','2011-02-28 18:19:58',47,''),
(1006,'','',47,1,1,58,'2010-12-25 06:48:20','2011-02-28 18:19:58',47,''),
(1007,'','',47,1,0,55,'2010-12-25 06:48:22','2011-02-28 18:19:58',47,''),
(1008,'','',47,1,1,56,'2010-12-25 06:48:22','2011-02-28 18:19:58',47,''),
(882,'','',41,1,0,6,'2010-12-23 20:12:34','2011-02-27 16:41:12',41,''),
(881,'','',41,1,0,0,'2010-12-23 20:12:30','2011-02-27 16:41:12',41,''),
(880,'','',41,1,0,7,'2010-12-23 20:12:27','2011-02-27 16:41:12',41,''),
(879,'','',41,1,0,1,'2010-12-23 20:12:24','2011-02-27 16:41:12',41,''),
(878,'','',41,1,0,8,'2010-12-23 20:12:21','2011-02-27 16:41:12',41,''),
(877,'','',41,1,0,9,'2010-12-23 20:12:18','2011-02-27 16:41:12',41,''),
(876,'','',41,1,0,10,'2010-12-23 20:12:15','2011-02-27 16:41:12',41,''),
(875,'','',41,1,0,11,'2010-12-23 20:12:12','2011-02-27 16:41:12',41,''),
(1073,'','',46,1,1,8,'2010-12-27 15:02:51','2011-03-02 00:23:02',46,''),
(1071,'','',46,1,1,11,'2010-12-27 15:02:40','2011-03-02 00:23:02',46,''),
(1070,'','James Ming',46,1,1,10,'2010-12-27 15:02:34','2011-03-02 00:23:02',46,''),
(1069,'','',46,1,1,15,'2010-12-27 15:02:29','2011-03-02 00:23:02',46,''),
(874,'','',41,1,0,12,'2010-12-23 20:12:09','2011-02-27 16:41:12',41,''),
(873,'','',41,1,0,13,'2010-12-23 20:12:06','2011-02-27 16:41:12',41,''),
(872,'','',41,1,0,14,'2010-12-23 20:12:03','2011-02-27 16:41:12',41,''),
(871,'','',41,1,0,15,'2010-12-23 20:12:00','2011-02-27 16:41:12',41,''),
(870,'','',41,1,0,16,'2010-12-23 20:11:57','2011-02-27 16:41:12',41,''),
(869,'','',41,1,0,17,'2010-12-23 20:11:54','2011-02-27 16:41:12',41,''),
(868,'','',41,1,0,18,'2010-12-23 20:11:51','2011-02-27 16:41:12',41,''),
(867,'','',41,1,0,19,'2010-12-23 20:11:48','2011-02-27 16:41:12',41,''),
(1037,'','',47,1,1,27,'2010-12-25 06:50:24','2011-02-28 18:19:58',47,''),
(1000,'','',46,1,1,32,'2010-12-24 21:23:43','2011-03-02 00:23:02',46,''),
(999,'','',46,1,1,16,'2010-12-24 21:23:39','2011-03-02 00:23:02',46,''),
(998,'','',46,1,1,29,'2010-12-24 21:23:35','2011-03-02 00:23:02',46,''),
(994,'','',46,0,0,14,'2010-12-24 21:23:22','2011-03-02 00:23:02',46,''),
(995,'','',46,1,1,30,'2010-12-24 21:23:22','2011-03-02 00:23:02',46,''),
(996,'','',46,1,1,28,'2010-12-24 21:23:26','2011-03-02 00:23:02',46,''),
(997,'','',46,1,1,36,'2010-12-24 21:23:30','2011-03-02 00:23:02',46,''),
(917,'','',31,1,1,0,'2010-12-24 20:59:17','2010-12-24 20:59:19',31,''),
(993,'','',46,1,1,31,'2010-12-24 21:23:17','2011-03-02 00:23:02',46,''),
(992,'','',46,1,0,33,'2010-12-24 21:23:17','2011-03-02 00:23:02',46,''),
(991,'','',46,1,0,34,'2010-12-24 21:23:16','2011-03-02 00:23:02',46,''),
(990,'','',46,1,0,20,'2010-12-24 21:23:16','2011-03-02 00:23:02',46,''),
(989,'','',46,1,1,27,'2010-12-24 21:23:12','2011-03-02 00:23:02',46,''),
(987,'','',46,1,1,25,'2010-12-24 21:23:03','2011-03-02 00:23:02',46,''),
(985,'','',46,1,1,23,'2010-12-24 21:22:55','2011-03-02 00:23:02',46,''),
(988,'','',46,1,1,26,'2010-12-24 21:23:07','2011-03-02 00:23:02',46,''),
(883,'','',41,1,0,4,'2010-12-23 20:12:37','2011-02-27 16:41:12',41,''),
(986,'','',46,1,1,35,'2010-12-24 21:22:59','2011-03-02 00:23:02',46,''),
(984,'','',46,1,1,7,'2010-12-24 21:22:51','2011-03-02 00:23:02',46,''),
(982,'','',46,1,1,24,'2010-12-24 21:22:43','2011-03-02 00:23:02',46,''),
(983,'','',46,1,1,22,'2010-12-24 21:22:47','2011-03-02 00:23:02',46,''),
(1001,'','',46,1,1,6,'2010-12-24 21:41:52','2011-03-02 00:23:02',46,''),
(981,'','',46,1,1,18,'2010-12-24 21:22:39','2011-03-02 00:23:02',46,''),
(978,'','',46,1,1,1,'2010-12-24 21:22:26','2011-03-02 00:23:02',46,''),
(866,'','',40,1,0,0,'2010-12-23 15:22:47','2010-12-23 15:36:49',40,''),
(847,'','',40,0,0,19,'2010-12-23 15:22:20','2010-12-23 15:36:49',40,''),
(848,'','',40,0,0,17,'2010-12-23 15:22:21','2010-12-23 15:36:49',40,''),
(849,'','',40,0,0,18,'2010-12-23 15:22:21','2010-12-23 15:36:49',40,''),
(850,'','',40,0,0,14,'2010-12-23 15:22:22','2010-12-23 15:36:49',40,''),
(851,'','',40,0,0,15,'2010-12-23 15:22:22','2010-12-23 15:36:49',40,''),
(852,'','',40,1,0,16,'2010-12-23 15:22:22','2010-12-23 15:36:49',40,''),
(853,'','',40,1,0,13,'2010-12-23 15:22:27','2010-12-23 15:36:49',40,''),
(854,'','',40,1,0,12,'2010-12-23 15:22:28','2010-12-23 15:36:49',40,''),
(855,'','',40,1,0,10,'2010-12-23 15:22:30','2010-12-23 15:36:49',40,''),
(856,'','',40,0,0,11,'2010-12-23 15:22:30','2010-12-23 15:36:49',40,''),
(857,'','',40,1,0,2,'2010-12-23 15:22:30','2010-12-23 15:36:49',40,''),
(858,'','',40,0,0,8,'2010-12-23 15:22:31','2010-12-23 15:36:49',40,''),
(859,'','',40,0,0,9,'2010-12-23 15:22:31','2010-12-23 15:36:49',40,''),
(860,'','',40,0,0,7,'2010-12-23 15:22:44','2010-12-23 15:36:49',40,''),
(861,'','',40,1,0,1,'2010-12-23 15:22:44','2010-12-23 15:36:49',40,''),
(862,'','',40,0,0,6,'2010-12-23 15:22:45','2010-12-23 15:36:49',40,''),
(863,'','',40,0,0,4,'2010-12-23 15:22:46','2010-12-23 15:36:49',40,''),
(864,'','',40,0,0,5,'2010-12-23 15:22:46','2010-12-23 15:36:49',40,''),
(865,'','',40,0,0,3,'2010-12-23 15:22:47','2010-12-23 15:36:49',40,''),
(884,'','',41,1,0,2,'2010-12-23 20:13:09','2011-02-27 16:41:12',41,''),
(885,'','',41,1,0,3,'2010-12-23 20:13:12','2011-02-27 16:41:12',41,''),
(886,'','',41,1,0,5,'2010-12-23 20:13:15','2011-02-27 16:41:12',41,''),
(1003,'','bee',46,1,1,21,'2010-12-25 03:10:50','2011-03-02 00:23:02',46,''),
(976,'','',46,1,1,37,'2010-12-24 21:22:18','2011-03-02 00:23:02',46,''),
(977,'','We are a family.',46,1,1,9,'2010-12-24 21:22:22','2011-03-02 00:23:02',46,''),
(1086,'','',0,0,0,0,'2011-01-01 19:29:56','2011-03-02 00:23:02',46,''),
(1403,'','',0,1,1,24,'2011-03-02 00:05:43','2011-03-05 17:20:26',56,''),
(1080,'','',0,1,1,5,'2010-12-29 17:46:28','2011-03-02 00:23:02',46,''),
(1257,'','',0,1,1,10,'2011-02-07 01:19:44','2011-03-05 03:32:16',50,''),
(1258,'','',0,1,1,12,'2011-02-07 01:20:06','2011-03-05 03:32:16',50,''),
(1261,'','',0,1,0,1,'2011-02-07 02:50:19','2011-03-05 03:32:16',50,''),
(1263,'','',0,1,0,8,'2011-02-07 03:38:55','2011-03-05 03:32:16',50,''),
(1402,'','',0,1,1,25,'2011-03-02 00:05:26','2011-03-05 17:20:26',56,''),
(1401,'','',0,1,1,0,'2011-03-02 00:03:57','2011-03-02 00:04:04',28,''),
(1400,'','',0,1,1,0,'2011-03-02 00:03:40','2011-03-02 00:03:48',28,''),
(1398,'','',0,1,1,0,'2011-03-02 00:03:09','2011-03-02 00:03:16',28,''),
(1396,'','',0,1,1,0,'2011-03-02 00:02:38','2011-03-02 00:02:45',28,''),
(1397,'','',0,1,1,0,'2011-03-02 00:02:54','2011-03-02 00:03:01',28,''),
(1349,'','',0,1,1,0,'2011-02-27 17:10:59','2011-03-02 00:15:46',2,''),
(1399,'','',0,1,1,0,'2011-03-02 00:03:24','2011-03-02 00:03:31',28,''),
(1256,'','',0,1,1,7,'2011-02-07 01:19:21','2011-03-05 03:32:16',50,''),
(1255,'','',0,1,1,9,'2011-02-07 01:18:58','2011-03-05 03:32:16',50,''),
(1254,'','',0,1,1,13,'2011-02-07 01:18:36','2011-03-05 03:32:16',50,''),
(1253,'','',0,1,1,6,'2011-02-07 01:18:15','2011-03-05 03:32:16',50,''),
(1252,'','',0,1,1,11,'2011-02-07 01:17:54','2011-03-05 03:32:16',50,''),
(1251,'','',0,1,1,0,'2011-02-07 01:17:32','2011-03-05 03:32:16',50,''),
(1250,'','',0,1,1,14,'2011-02-07 01:17:10','2011-03-05 03:32:16',50,''),
(1249,'','',0,1,1,15,'2011-02-07 01:16:47','2011-03-05 03:32:16',50,''),
(1248,'','',0,1,1,16,'2011-02-07 01:16:25','2011-03-05 03:32:16',50,''),
(1247,'','',0,1,1,17,'2011-02-07 01:16:02','2011-03-05 03:32:16',50,''),
(1246,'','',0,1,1,2,'2011-02-07 01:15:39','2011-03-05 03:32:16',50,''),
(1245,'','',0,1,1,18,'2011-02-07 01:15:16','2011-03-05 03:32:16',50,''),
(1244,'','',0,1,1,19,'2011-02-07 01:14:53','2011-03-05 03:32:16',50,''),
(1243,'','',0,1,1,5,'2011-02-07 01:14:30','2011-03-05 03:32:16',50,''),
(1242,'','',0,1,1,20,'2011-02-07 01:14:06','2011-03-05 03:32:16',50,''),
(1241,'','',0,1,1,21,'2011-02-07 01:13:43','2011-03-05 03:32:16',50,''),
(1240,'','',0,1,1,22,'2011-02-07 01:13:19','2011-03-05 03:32:16',50,''),
(1239,'','',0,1,1,3,'2011-02-07 01:12:56','2011-03-05 03:32:16',50,''),
(1238,'','',0,1,1,23,'2011-02-07 01:12:33','2011-03-05 03:32:16',50,''),
(1237,'','',0,1,1,24,'2011-02-07 01:12:08','2011-03-05 03:32:16',50,''),
(1236,'','',0,1,1,25,'2011-02-07 01:11:44','2011-03-05 03:32:16',50,''),
(1235,'','',0,1,1,26,'2011-02-07 01:11:17','2011-03-05 03:32:16',50,''),
(1234,'','',0,1,1,27,'2011-02-07 01:10:51','2011-03-05 03:32:16',50,''),
(1233,'','',0,1,1,28,'2011-02-07 01:10:27','2011-03-05 03:32:16',50,''),
(1232,'','',0,1,1,29,'2011-02-07 01:10:03','2011-03-05 03:32:16',50,''),
(1231,'','',0,1,1,30,'2011-02-07 01:09:40','2011-03-05 03:32:16',50,''),
(1230,'','',0,1,1,31,'2011-02-07 01:09:16','2011-03-05 03:32:16',50,''),
(1229,'','',0,1,1,32,'2011-02-07 01:08:53','2011-03-05 03:32:16',50,''),
(1228,'','',0,1,1,4,'2011-02-07 01:08:29','2011-03-05 03:32:16',50,''),
(1227,'','',0,1,1,33,'2011-02-07 01:08:05','2011-03-05 03:32:16',50,''),
(1226,'','',0,1,1,34,'2011-02-07 01:07:42','2011-03-05 03:32:16',50,''),
(1225,'','',0,1,1,35,'2011-02-07 01:07:16','2011-03-05 03:32:16',50,''),
(1224,'','',0,1,1,36,'2011-02-07 01:06:52','2011-03-05 03:32:16',50,''),
(1223,'','',0,1,1,38,'2011-02-07 01:06:28','2011-03-05 03:32:16',50,''),
(1222,'','',0,1,1,39,'2011-02-07 01:06:04','2011-03-05 03:32:16',50,''),
(1221,'','',0,1,1,40,'2011-02-07 01:05:41','2011-03-05 03:32:16',50,''),
(1220,'','',0,1,1,41,'2011-02-07 01:05:17','2011-03-05 03:32:16',50,''),
(1219,'','',0,1,1,37,'2011-02-07 01:04:52','2011-03-05 03:32:16',50,''),
(1203,'','',0,1,1,3,'2011-02-05 15:53:09','2011-03-02 00:23:02',46,''),
(1218,'','',0,1,1,42,'2011-02-07 01:04:28','2011-03-05 03:32:16',50,''),
(1217,'','',0,1,1,43,'2011-02-07 01:04:02','2011-03-05 03:32:16',50,''),
(1216,'','',0,1,1,44,'2011-02-07 01:03:55','2011-03-05 03:32:16',50,''),
(1215,'','',0,1,1,45,'2011-02-07 01:03:30','2011-03-05 03:32:16',50,''),
(1214,'','',0,1,1,46,'2011-02-07 01:03:06','2011-03-05 03:32:16',50,''),
(1347,'','',0,1,1,0,'2011-02-14 16:50:38','2011-03-02 22:20:00',54,''),
(1348,'','',0,1,1,1,'2011-02-27 17:10:44','2011-03-02 00:15:46',2,''),
(1324,'','',0,1,1,1,'2011-02-12 16:41:11','2011-03-02 22:20:00',54,''),
(1406,'','',0,1,1,21,'2011-03-02 00:06:30','2011-03-05 17:20:26',56,''),
(1405,'','',0,1,1,22,'2011-03-02 00:06:15','2011-03-05 17:20:26',56,''),
(1404,'','',0,1,1,23,'2011-03-02 00:05:59','2011-03-05 17:20:26',56,''),
(1346,'','',0,1,1,2,'2011-02-12 20:02:49','2011-03-02 22:20:00',54,''),
(1407,'','',0,1,1,20,'2011-03-02 00:06:46','2011-03-05 17:20:26',56,''),
(1408,'','',0,1,1,19,'2011-03-02 00:07:03','2011-03-05 17:20:26',56,''),
(1409,'','',0,1,1,18,'2011-03-02 00:07:20','2011-03-05 17:20:26',56,''),
(1410,'','',0,1,1,17,'2011-03-02 00:07:36','2011-03-05 17:20:26',56,''),
(1411,'','',0,1,1,16,'2011-03-02 00:07:52','2011-03-05 17:20:26',56,''),
(1412,'','',0,1,1,0,'2011-03-02 00:08:08','2011-03-05 17:20:26',56,''),
(1413,'','',0,1,1,15,'2011-03-02 00:08:25','2011-03-05 17:20:26',56,''),
(1414,'','',0,1,1,14,'2011-03-02 00:08:41','2011-03-05 17:20:26',56,''),
(1415,'','',0,1,1,13,'2011-03-02 00:08:57','2011-03-05 17:20:26',56,''),
(1416,'','',0,1,1,12,'2011-03-02 00:09:15','2011-03-05 17:20:26',56,''),
(1417,'','',0,1,1,11,'2011-03-02 00:09:32','2011-03-05 17:20:26',56,''),
(1418,'','',0,1,1,10,'2011-03-02 00:09:48','2011-03-05 17:20:26',56,''),
(1419,'','',0,1,1,9,'2011-03-02 00:10:05','2011-03-05 17:20:26',56,''),
(1420,'','',0,1,1,8,'2011-03-02 00:10:22','2011-03-05 17:20:26',56,''),
(1421,'','',0,1,1,4,'2011-03-02 00:10:40','2011-03-05 17:20:26',56,''),
(1422,'','',0,1,1,2,'2011-03-02 00:10:56','2011-03-05 17:20:26',56,''),
(1423,'','',0,1,1,7,'2011-03-02 00:11:13','2011-03-05 17:20:26',56,''),
(1424,'','',0,1,1,6,'2011-03-02 00:11:29','2011-03-05 17:20:26',56,''),
(1425,'','',0,1,1,5,'2011-03-02 00:11:45','2011-03-05 17:20:26',56,''),
(1426,'','',0,1,1,3,'2011-03-02 00:12:02','2011-03-05 17:20:26',56,''),
(1427,'','',0,1,1,10,'2011-03-02 20:38:00','2011-03-03 03:15:55',11,''),
(1428,'','',0,1,1,9,'2011-03-02 20:38:16','2011-03-03 03:15:55',11,''),
(1429,'','',0,1,1,8,'2011-03-02 20:38:31','2011-03-03 03:15:55',11,''),
(1430,'','',0,1,1,7,'2011-03-02 20:38:47','2011-03-03 03:15:55',11,''),
(1431,'','',0,1,1,6,'2011-03-02 20:39:02','2011-03-03 03:15:55',11,''),
(1432,'','',0,1,1,5,'2011-03-02 20:39:18','2011-03-03 03:15:55',11,''),
(1433,'','',0,1,1,4,'2011-03-02 20:39:34','2011-03-03 03:15:55',11,''),
(1434,'','',0,1,1,3,'2011-03-02 20:39:49','2011-03-03 03:15:55',11,''),
(1435,'','',0,1,1,2,'2011-03-02 20:40:04','2011-03-03 03:15:55',11,''),
(1436,'','',0,1,1,0,'2011-03-02 20:40:20','2011-03-03 03:15:55',11,''),
(1437,'','',0,1,1,1,'2011-03-02 20:40:35','2011-03-03 03:15:55',11,''),
(1438,'','',0,1,1,3,'2011-03-02 22:19:53','2011-03-02 22:20:00',54,''),
(1439,'','',0,1,0,0,'2011-03-03 11:25:21','2011-03-03 11:25:21',54,''),
(1440,'','',0,1,0,0,'2011-03-03 11:25:21','2011-03-03 11:25:21',54,''),
(1442,'','',0,0,0,1,'2011-03-05 17:05:41','2011-03-05 17:20:26',56,'');

/* Table structure for table `projects` */
DROP TABLE IF EXISTS `projects`;

CREATE TABLE `projects` (
  `id` int(11) NOT NULL AUTO_INCREMENT,
  `user_id` int(11) NOT NULL,
  `name` varchar(255) NOT NULL,
  `created` datetime NOT NULL,
  `updated` datetime NOT NULL,
  PRIMARY KEY (`id`),
  KEY `user_id` (`user_id`)
) ENGINE=MyISAM AUTO_INCREMENT=48 DEFAULT CHARSET=latin1;


/* Table structure for table `reels` */
DROP TABLE IF EXISTS `reels`;

CREATE TABLE `reels` (
  `id` int(11) NOT NULL AUTO_INCREMENT,
  `name` varchar(255) NOT NULL,
  `description` blob NOT NULL,
  `embed` blob NOT NULL,
  `created` datetime NOT NULL,
  `updated` datetime NOT NULL,
  `user_id` int(11) NOT NULL,
  PRIMARY KEY (`id`),
  KEY `user_id` (`user_id`)
) ENGINE=MyISAM AUTO_INCREMENT=31 DEFAULT CHARSET=latin1;

/* dumping data for table `reels` */
insert into `reels` values
(7,'Hey Soul Sisters','Glee Warblers','<iframe title=\"YouTube video player\" width=\"640\" height=\"390\" src=\"http://www.youtube.com/embed/X-Ysqz_sMU0\" frameborder=\"0\" allowfullscreen></iframe>','2011-03-06 00:17:55','2011-03-06 14:46:58',1),
(8,'GLEE - \"Teenage Dream\"','My favorite song from Glee.  Hunky Blaine.','<iframe title=\"YouTube video player\" width=\"640\" height=\"390\" src=\"http://www.youtube.com/embed/E46BhMIRujI\" frameborder=\"0\" allowfullscreen></iframe>','2011-03-06 00:39:13','2011-03-06 07:41:05',1),
(9,'Chris Colfer and Darren Criss','GGLEE: Baby It\'s Cold Outside - Chris Colfer and Darren Criss','<iframe title=\"YouTube video player\" width=\"480\" height=\"390\" src=\"http://www.youtube.com/embed/318EGhxSuzA\" frameborder=\"0\" allowfullscreen></iframe>','2011-03-06 00:41:50','2011-03-06 07:38:08',1),
(16,'Glee- I Want To Hold Your Hand','they did an amazing job of casting little Kurt..u would totally think it was Chris when he was a kid..this song makes me wanna cry everytime  i hear him sing it','<iframe title=\"YouTube video player\" width=\"640\" height=\"390\" src=\"http://www.youtube.com/embed/rhGWC4yq_Yg\" frameborder=\"0\" allowfullscreen></iframe>','2011-03-06 01:12:11','2011-03-06 15:50:16',1),
(15,'Just The Way You Are (Glee Cast Version)','Song only','<iframe title=\"YouTube video player\" width=\"480\" height=\"390\" src=\"http://www.youtube.com/embed/ixR3uJmClQc\" frameborder=\"0\" allowfullscreen></iframe>','2011-03-06 01:02:05','0000-00-00 00:00:00',1),
(17,'Umbrella/Singin\' In the Rain\" Full Performance','Great Song','<iframe title=\"YouTube video player\" width=\"640\" height=\"390\" src=\"http://www.youtube.com/embed/dbZcYy6AAGg\" frameborder=\"0\" allowfullscreen></iframe>','2011-03-06 01:18:44','0000-00-00 00:00:00',1),
(29,'Marry You Glee','This is the full video for Marry You. OMG I was jumping off the walls when i watched this! This is definitely my favourite episode EVER .. only one word can describee it ..','<iframe title=\"YouTube video player\" width=\"480\" height=\"390\" src=\"http://www.youtube.com/embed/j2OfPwkCruE\" frameborder=\"0\" allowfullscreen></iframe>','2011-03-06 16:29:11','0000-00-00 00:00:00',1),
(30,'Glee - Losing My Religion','Song from Finn','<iframe title=\"YouTube video player\" width=\"480\" height=\"390\" src=\"http://www.youtube.com/embed/T1ip1bMcdlY\" frameborder=\"0\" allowfullscreen></iframe>','2011-03-06 16:43:00','2011-03-06 16:43:14',1);

/* Table structure for table `users` */
DROP TABLE IF EXISTS `users`;

CREATE TABLE `users` (
  `id` int(10) unsigned NOT NULL AUTO_INCREMENT,
  `fb_id` varchar(255) DEFAULT NULL,
  `username` varchar(255) DEFAULT NULL,
  `email` varchar(255) DEFAULT NULL,
  `firstname` varchar(255) NOT NULL,
  `lastname` varchar(255) NOT NULL,
  `password` varchar(255) NOT NULL,
  `activation_code` varchar(255) NOT NULL,
  `activated` int(1) NOT NULL,
  `reset_code` varchar(255) NOT NULL,
  `thumbnail_gallery_format` int(1) NOT NULL,
  `alias` varchar(255) NOT NULL,
  `created` datetime NOT NULL,
  `updated` datetime NOT NULL,
  PRIMARY KEY (`id`)
) ENGINE=MyISAM AUTO_INCREMENT=24 DEFAULT CHARSET=latin1;

/* dumping data for table `users` */
insert into `users` values
(1,null,'jamesming','jamesming@gmail.com','James','Ming','c0706ec64484fe506f89ab69e78427cb','test',1,'5diF3OkaJu',3,'127','0000-00-00 00:00:00','2011-03-05 17:20:36'),
(3,null,'donroskos','donny@tenexsys.com','Don','Rosko','01db19f28b2e6806d485ca20b733f3b5','',0,'',0,'','0000-00-00 00:00:00','0000-00-00 00:00:00'),
(23,null,'MaryS','mary@aol.com','Mary','Shetfield','9fca07ce329c33ac37c843799cab7e84','',0,'',0,'','2010-11-23 15:45:20','2010-11-23 15:46:43'),
(19,null,'HenryEighth','hmoore@gmail.com','Henry','Moore','63ee451939ed580ef3c4b6f0109d1fd0','afNpjLajWo',0,'',0,'','2010-11-23 15:14:22','0000-00-00 00:00:00');

